{
	"author" : "MarcinSc",
	"center" : {
		"vertices" : [
            [-0.1875, -0.1875, -0.1875], [-0.1875, 0.1875, -0.1875], [0.1875, 0.1875, -0.1875], [0.1875, -0.1875, -0.1875],
            [0.1875, -0.1875, -0.1875], [0.1875, 0.1875, -0.1875], [0.1875, 0.1875, 0.1875], [0.1875, -0.1875, 0.1875],
            [0.1875, -0.1875, 0.1875], [0.1875, 0.1875, 0.1875], [-0.1875, 0.1875, 0.1875], [-0.1875, -0.1875, 0.1875],
            [-0.1875, -0.1875, 0.1875], [-0.1875, 0.1875, 0.1875], [-0.1875, 0.1875, -0.1875], [-0.1875, -0.1875, -0.1875],
                [-0.1875, 0.1875, 0.1875], [0.1875, 0.1875, 0.1875], [0.1875, 0.1875, -0.1875], [-0.1875, 0.1875, -0.1875],
                [-0.1875, -0.1875, 0.1875], [-0.1875, -0.1875, -0.1875], [0.1875, -0.1875, -0.1875], [0.1875, -0.1875, 0.1875]
        ],
		"normals" : [
            [0, 0, -1], [0, 0, -1], [0, 0, -1], [0, 0, -1],
            [1, 0, 0], [1, 0, 0], [1, 0, 0], [1, 0, 0],
            [0, 0, 1], [0, 0, 1], [0, 0, 1], [0, 0, 1],
            [-1, 0, 0], [-1, 0, 0], [-1, 0, 0], [-1, 0, 0],
            [0, 1, 0], [0, 1, 0], [0, 1, 0], [0, 1, 0],
            [0, -1, 0], [0, -1, 0], [0, -1, 0], [0, -1, 0]
        ],
		"texcoords" : [
            [0.375, 0.375], [0.375, 0.625], [0.625, 0.625], [0.625, 0.375],
            [0.375, 0.375], [0.375, 0.625], [0.625, 0.625], [0.625, 0.375],
            [0.375, 0.375], [0.375, 0.625], [0.625, 0.625], [0.625, 0.375],
            [0.375, 0.375], [0.375, 0.625], [0.625, 0.625], [0.625, 0.375],
            [0.375, 0.375], [0.375, 0.625], [0.625, 0.625], [0.625, 0.375],
            [0.375, 0.375], [0.375, 0.625], [0.625, 0.625], [0.625, 0.375]
        ],
		"faces" : [
			[0, 1, 2, 3],
			[4, 5, 6, 7],
			[8, 9, 10, 11],
			[12, 13, 14, 15],
			[16, 17, 18, 19],
			[20, 21, 22, 23]
		],
		"fullSide" : false
	},
	"collision" : {
		"colliders" : [
			{
				"type" : "AABB",
				"position" : [0.000000, 0.000000, 0.000000],
				"extents" : [0.1875, 0.1875, 0.1875]
			}
		]
	}
}
