{
	"author" : "",
	"exportDate" : "2013-06-17 15:57:58",
	"center" : {
		"vertices" : [[-0.125000, -0.125000, 0.500000], [-0.125000, -0.125000, -0.125000], [0.125000, -0.125000, -0.125000], [0.125000, -0.125000, 0.500000],
            [-0.125000, 0.125000, 0.500000], [0.125000, 0.125000, 0.500000], [0.125000, 0.125000, -0.125000], [-0.125000, 0.125000, -0.125000],
            [-0.125000, -0.125000, 0.500000], [-0.125000, 0.125000, 0.500000], [-0.125000, 0.125000, -0.125000], [-0.125000, -0.125000, -0.125000],
            [-0.125000, -0.125000, -0.125000], [-0.125000, 0.125000, -0.125000], [0.125000, 0.125000, -0.125000], [0.125000, -0.125000, -0.125000],
            [0.125000, -0.125000, -0.125000], [0.125000, 0.125000, -0.125000], [0.125000, 0.125000, 0.500000], [0.125000, -0.125000, 0.500000]],
		"normals" : [[0, -1, 0], [0, -1, 0], [0, -1, 0], [0, -1, 0],
            [0, 1, 0], [0, 1, 0], [0, 1, 0], [0, 1, 0],
            [-1, 0, 0], [-1, 0, 0], [-1, 0, 0], [-1, 0, 0],
            [0, 0, -1], [0, 0, -1], [0, 0, -1], [0, 0, -1],
            [1, 0, 0], [1, 0, 0], [1, 0, 0], [1, 0, 0]],
		"texcoords" : [[0.000000, 1.000000], [1.000000, 1.000000], [1.000000, 0.000000], [0.000000, 0.000000], [0.000000, 1.000000], [1.000000, 1.000000], [1.000000, 0.000000], [0.000000, 0.000000], [0.000000, 1.000000], [1.000000, 1.000000], [1.000000, 0.000000], [0.000000, 0.000000], [0.000000, 1.000000], [1.000000, 1.000000], [1.000000, 0.000000], [0.000000, 0.000000], [0.000000, 1.000000], [1.000000, 1.000000], [1.000000, 0.000000], [0.000000, 0.000000]],
		"faces" : [
			[0, 1, 2, 3],
			[4, 5, 6, 7],
			[8, 9, 10, 11],
			[12, 13, 14, 15],
			[16, 17, 18, 19]
		],
		"fullSide" : false
	},
	"back" : {
		"vertices" : [[0.125000, -0.125000, 0.500000], [0.125000, 0.125000, 0.500000], [-0.125000, 0.125000, 0.500000], [-0.125000, -0.125000, 0.500000]],
		"normals" : [[-0.000000, 0.000000, 0.999969], [-0.000000, 0.000000, 1.000000], [-0.000000, 0.000000, 1.000000], [-0.000000, 0.000000, 1.000000]],
		"texcoords" : [[1.000000, 0.000000], [0.000000, 0.000000], [0.000000, 1.000000], [1.000000, 1.000000]],
		"faces" : [
			[0, 1, 2, 3]
		],
		"fullSide" : false
	},
	"collision" : {
		"convexHull" : true
	}
}
