{
	"author" : "A'nW",
	"exportDate" : "2012-12-10 12:17:37",
	"center" : {
		"vertices" : [[0.500000, -0.500000, 0.500000], [0.500000, -0.500000, -0.500000], [-0.500000, 0.000000, 0.500000], [0.500000, -0.500000, -0.500000], [-0.500000, -0.500000, -0.500000], [-0.500000, 0.000000, 0.500000]],
		"normals" : [[0.447188, 0.894406, 0.000000], [0.235694, 0.942808, -0.235694], [0.235694, 0.942808, -0.235694], [0.235694, 0.942808, -0.235694], [-0.000000, 0.894406, -0.447188], [0.235694, 0.942808, -0.235694]],
		"texcoords" : [[0.000000, 0.000000], [0.000000, 1.000000], [1.000000, 0.000001], [0.000000, 1.000000], [1.000000, 1.000000], [1.000000, 0.000001]],
		"faces" : [
			[0, 1, 2],
			[3, 4, 5]
		],
		"fullSide" : false
	},
	"bottom" : {
		"vertices" : [[-0.500000, -0.500000, 0.500000], [-0.500000, -0.500000, -0.500000], [0.500000, -0.500000, -0.500000], [0.500000, -0.500000, 0.500000]],
		"normals" : [[-0.000000, -1.000000, 0.000000], [-0.000000, -1.000000, 0.000000], [-0.000000, -1.000000, 0.000000], [-0.000000, -1.000000, 0.000000]],
		"texcoords" : [[1.000000, 1.000000], [1.000000, 0.000000], [0.000000, 0.000000], [0.000000, 1.000000]],
		"faces" : [
			[0, 1, 2, 3]
		],
		"fullSide" : true
	},
	"back" : {
		"vertices" : [[-0.500000, 0.000000, 0.500000], [-0.500000, -0.500000, 0.500000], [0.500000, -0.500000, 0.500000]],
		"normals" : [[-0.000000, 0.000000, 0.999969], [-0.000000, 0.000000, 1.000000], [-0.000000, 0.000000, 1.000000]],
		"texcoords" : [[0.000000, 0.500000], [0.000000, 1.000000], [1.000000, 1.000000]],
		"faces" : [
			[0, 1, 2]
		],
		"fullSide" : false
	},
	"left" : {
		"vertices" : [[-0.500000, 0.000000, 0.500000], [-0.500000, -0.500000, -0.500000], [-0.500000, -0.500000, 0.500000]],
		"normals" : [[-1.000000, 0.000000, 0.000000], [-1.000000, 0.000000, 0.000000], [-0.999969, 0.000000, 0.000000]],
		"texcoords" : [[1.000000, 0.500000], [0.000000, 1.000000], [1.000000, 1.000000]],
		"faces" : [
			[0, 1, 2]
		],
		"fullSide" : false
	},
	"collision" : {
		"convexHull" : true
	}
}
