{
	"author" : "A'nW",
	"exportDate" : "2012-12-10 11:51:47",
	"center" : {
		"vertices" : [[-0.500000, 0.000000, 0.500000], [0.500000, 0.000000, 0.500000], [0.500000, 0.000000, -0.500000], [-0.500000, 0.000000, -0.500000]],
		"normals" : [[-0.000000, 1.000000, 0.000000], [-0.000000, 1.000000, 0.000000], [-0.000000, 1.000000, 0.000000], [-0.000000, 1.000000, 0.000000]],
		"texcoords" : [[1.000000, 0.000001], [0.000000, 0.000000], [0.000000, 1.000000], [1.000000, 1.000000]],
		"faces" : [
			[0, 1, 2, 3]
		],
		"fullSide" : false
	},
	"bottom" : {
		"vertices" : [[0.500000, -0.500000, -0.500000], [0.500000, -0.500000, 0.500000], [-0.500000, -0.500000, 0.500000], [-0.500000, -0.500000, -0.500000]],
		"normals" : [[-0.000000, -1.000000, 0.000000], [-0.000000, -0.999969, 0.000000], [-0.000000, -0.999969, 0.000000], [-0.000000, -1.000000, 0.000000]],
		"texcoords" : [[0.000000, 0.000000], [0.000000, 1.000000], [1.000000, 1.000000], [1.000000, 0.000000]],
		"faces" : [
			[0, 1, 2, 3]
		],
		"fullSide" : true
	},
	"front" : {
		"vertices" : [[0.500000, 0.000000, -0.500000], [0.500000, -0.500000, -0.500000], [-0.500000, -0.500000, -0.500000], [-0.500000, 0.000000, -0.500000]],
		"normals" : [[-0.000000, 0.000000, -1.000000], [-0.000000, 0.000000, -1.000000], [-0.000000, 0.000000, -1.000000], [-0.000000, 0.000000, -1.000000]],
		"texcoords" : [[0.000000, 0.187500], [0.000000, 0.687500], [1.000000, 0.687500], [1.000000, 0.187500]],
		"faces" : [
			[0, 1, 2, 3]
		],
		"fullSide" : false
	},
	"back" : {
		"vertices" : [[-0.500000, 0.000000, 0.500000], [-0.500000, -0.500000, 0.500000], [0.500000, -0.500000, 0.500000], [0.500000, 0.000000, 0.500000]],
		"normals" : [[-0.000000, 0.000000, 1.000000], [-0.000000, 0.000000, 1.000000], [-0.000000, 0.000000, 1.000000], [-0.000000, 0.000000, 1.000000]],
		"texcoords" : [[1.000000, 0.750000], [1.000000, 0.250000], [0.000000, 0.250000], [0.000000, 0.750000]],
		"faces" : [
			[0, 1, 2, 3]
		],
		"fullSide" : false
	},
	"left" : {
		"vertices" : [[-0.500000, 0.000000, -0.500000], [-0.500000, -0.500000, -0.500000], [-0.500000, -0.500000, 0.500000], [-0.500000, 0.000000, 0.500000]],
		"normals" : [[-1.000000, 0.000000, 0.000000], [-1.000000, 0.000000, 0.000000], [-0.999969, 0.000000, 0.000000], [-1.000000, 0.000000, 0.000000]],
		"texcoords" : [[0.000000, 0.187500], [0.000000, 0.687500], [1.000000, 0.687500], [1.000000, 0.187500]],
		"faces" : [
			[0, 1, 2, 3]
		],
		"fullSide" : false
	},
	"right" : {
		"vertices" : [[0.500000, 0.000000, 0.500000], [0.500000, -0.500000, 0.500000], [0.500000, -0.500000, -0.500000], [0.500000, 0.000000, -0.500000]],
		"normals" : [[1.000000, 0.000000, 0.000000], [1.000000, 0.000000, 0.000000], [1.000000, 0.000000, 0.000000], [0.999969, 0.000000, 0.000000]],
		"texcoords" : [[1.000000, 0.750000], [1.000000, 0.250000], [0.000000, 0.250000], [0.000000, 0.750000]],
		"faces" : [
			[0, 1, 2, 3]
		],
		"fullSide" : false
	},
	"collision" : {
	    "symmetric" : true,
		"colliders" : [
			{
				"type" : "AABB",
				"position" : [0.000000, -0.250000, -0.000000],
				"extents" : [0.500000, 0.250000, 0.500000]
			}
		]
	}
}
