{
	"author" : "A'nW",
	"exportDate" : "2013-02-08 17:47:14",
	"center" : {
		"vertices" : [[-0.500000, -0.468750, 0.500000], [0.500000, -0.468750, 0.500000], [0.500000, -0.468750, -0.500000], [-0.500000, -0.468750, -0.500000]],
		"normals" : [[-0.000000, 1.000000, 0.000000], [-0.000000, 1.000000, 0.000000], [-0.000000, 1.000000, 0.000000], [-0.000000, 1.000000, 0.000000]],
		"texcoords" : [[1.000000, 0.000000], [0.000000, 0.000000], [0.000000, 1.000000], [1.000000, 1.000000]],
		"faces" : [
			[0, 1, 2, 3]
		],
		"fullSide" : false
	},
	"collision" : {
        "symmetric" : true,
		"colliders" : [
			{
				"type" : "AABB",
				"position" : [0.000000, -0.468750, 0.000000],
				"extents" : [0.500000, 0.000000, 0.500000]
			}
		]
	}
}
