{
	"author" : "Immortius",
	"exportDate" : "2012-07-30 21:14:51",
	"center" : {
		"vertices" : [[-0.070313, 0.171317, 0.203119], [0.070313, 0.171317, 0.203119], [0.070313, 0.071881, 0.103683], [-0.070312, 0.071881, 0.103682], [-0.070312, 0.071881, 0.103682], [-0.035156, -0.274718, 0.500000], [-0.035156, -0.175282, 0.500000], [-0.070313, 0.171317, 0.203119], [-0.070313, 0.171317, 0.203119], [-0.035156, -0.175282, 0.500000], [0.035156, -0.175282, 0.500000], [0.070313, 0.171317, 0.203119], [0.070313, 0.171317, 0.203119], [0.035156, -0.175282, 0.500000], [0.035156, -0.274718, 0.500000], [0.070313, 0.071881, 0.103683], [0.070313, 0.071881, 0.103683], [0.035156, -0.274718, 0.500000], [-0.035156, -0.274718, 0.500000], [-0.070312, 0.071881, 0.103682]],
		"normals" : [[-0.000000, 0.707083, -0.707083], [-0.000000, 0.707083, -0.707083], [-0.000000, 0.707083, -0.707083], [-0.000000, 0.707083, -0.707083], [-0.997131, -0.033692, 0.067415], [-0.997131, -0.033692, 0.067415], [-0.997131, -0.033692, 0.067415], [-0.997131, -0.033692, 0.067415], [-0.000000, 0.650533, 0.759453], [-0.000000, 0.650533, 0.759453], [-0.000000, 0.650533, 0.759453], [-0.000000, 0.650533, 0.759453], [0.997131, -0.033692, 0.067415], [0.997131, -0.033692, 0.067415], [0.997131, -0.033692, 0.067415], [0.997131, -0.033692, 0.067415], [-0.000000, -0.752739, -0.658284], [-0.000000, -0.752739, -0.658284], [-0.000000, -0.752739, -0.658284], [-0.000000, -0.752739, -0.658284]],
		"texcoords" : [[0.187500, 0.062500], [0.000000, 0.062500], [0.000000, 0.250000], [0.187500, 0.250000], [0.375000, 0.125000], [0.418194, 0.828548], [0.512119, 0.735198], [0.562500, 0.125000], [0.750000, 0.125000], [0.795354, 0.734583], [0.889046, 0.734870], [0.937500, 0.125000], [0.562500, 0.125000], [0.608691, 0.733438], [0.702617, 0.826789], [0.750000, 0.125000], [0.187500, 0.125000], [0.233811, 0.828548], [0.327502, 0.828261], [0.375000, 0.125000]],
		"faces" : [
			[0, 1, 2, 3],
			[4, 5, 6, 7],
			[8, 9, 10, 11],
			[12, 13, 14, 15],
			[16, 17, 18, 19]
		],
		"fullSide" : false
	},
	"back" : {
		"vertices" : [[0.035156, -0.175282, 0.500000], [-0.035156, -0.175282, 0.500000], [-0.035156, -0.274718, 0.500000], [0.035156, -0.274718, 0.500000]],
		"normals" : [[-0.000000, 0.000000, 0.999969], [-0.000000, 0.000000, 1.000000], [-0.000000, 0.000000, 1.000000], [-0.000000, 0.000000, 1.000000]],
		"texcoords" : [[0.187500, 0.750000], [0.062500, 0.750000], [0.062500, 0.937500], [0.187500, 0.937500]],
		"faces" : [
			[0, 1, 2, 3]
		],
		"fullSide" : false
	},
	"collision" : {
		"colliders" : [
			{
				"type" : "AABB",
				"position" : [0.000000, -0.051700, 0.301841],
				"extents" : [0.070313, 0.223018, 0.198159]
			}
		]
	}
}
