{
	"author" : "Immortius",
	"exportDate" : "2012-07-30 21:13:31",
	"center" : {
		"vertices" : [[-0.070312, 0.062500, 0.070312], [-0.035156, -0.500000, 0.035156], [0.035156, -0.500000, 0.035156], [0.070313, 0.062500, 0.070312], [-0.070312, 0.062500, 0.070312], [0.070313, 0.062500, 0.070312], [0.070313, 0.062500, -0.070312], [-0.070312, 0.062500, -0.070313], [0.035156, -0.500000, -0.035156], [0.070313, 0.062500, -0.070312], [0.070313, 0.062500, 0.070312], [0.035156, -0.500000, 0.035156], [-0.035156, -0.500000, -0.035156], [-0.070312, 0.062500, -0.070313], [0.070313, 0.062500, -0.070312], [0.035156, -0.500000, -0.035156], [-0.035156, -0.500000, 0.035156], [-0.070312, 0.062500, 0.070312], [-0.070312, 0.062500, -0.070313], [-0.035156, -0.500000, -0.035156]],
		"normals" : [[-0.000000, -0.062349, 0.998047], [-0.000000, -0.062349, 0.998047], [-0.000000, -0.062349, 0.998047], [-0.000000, -0.062349, 0.998047], [-0.000000, 1.000000, 0.000000], [-0.000000, 1.000000, 0.000000], [-0.000000, 1.000000, 0.000000], [-0.000000, 1.000000, 0.000000], [0.998047, -0.062349, 0.000000], [0.998047, -0.062349, 0.000000], [0.998047, -0.062349, 0.000000], [0.998047, -0.062349, 0.000000], [-0.000000, -0.062349, -0.998047], [-0.000000, -0.062349, -0.998047], [-0.000000, -0.062349, -0.998047], [-0.000000, -0.062349, -0.998047], [-0.998047, -0.062349, 0.000000], [-0.998047, -0.062349, 0.000000], [-0.998047, -0.062349, 0.000000], [-0.998047, -0.062349, 0.000000]],
		"texcoords" : [[0.438785, 0.132055], [0.478605, 0.868299], [0.576562, 0.868299], [0.622488, 0.132055], [0.248419, 0.067998], [0.060919, 0.067998], [0.060919, 0.255498], [0.248419, 0.255498], [0.760062, 0.868299], [0.805920, 0.133138], [0.622488, 0.133138], [0.662249, 0.868299], [0.943494, 0.868299], [0.989353, 0.133138], [0.805920, 0.133138], [0.845681, 0.868299], [0.392838, 0.868299], [0.438785, 0.131701], [0.254994, 0.131701], [0.294833, 0.868299]],
		"faces" : [
			[0, 1, 2, 3],
			[4, 5, 6, 7],
			[8, 9, 10, 11],
			[12, 13, 14, 15],
			[16, 17, 18, 19]
		],
		"fullSide" : false
	},
	"bottom" : {
		"vertices" : [[-0.035156, -0.500000, 0.035156], [-0.035156, -0.500000, -0.035156], [0.035156, -0.500000, -0.035156], [0.035156, -0.500000, 0.035156]],
		"normals" : [[-0.000000, -0.999969, 0.000000], [-0.000000, -1.000000, 0.000000], [-0.000000, -1.000000, 0.000000], [-0.000000, -0.999969, 0.000000]],
		"texcoords" : [[0.187500, 0.812500], [0.062500, 0.812500], [0.062500, 0.937500], [0.187500, 0.937500]],
		"faces" : [
			[0, 1, 2, 3]
		],
		"fullSide" : false
	},
	"collision" : {
		"symmetric" : true,
		"colliders" : [
			{
				"type" : "AABB",
				"position" : [0.000000, -0.218750, -0.000000],
				"extents" : [0.070313, 0.281250, 0.070313]
			}
		]
	}
}
