{
	"author" : "A'nW",
	"exportDate" : "2013-01-31 20:41:33",
	"center" : {
		"vertices" : [[0.500000, -0.500000, 0.469922], [-0.500000, -0.500000, 0.469922], [-0.500000, 0.500000, 0.469922], [0.500000, 0.500000, 0.469922]],
		"normals" : [[0.000000, 1.000000, 0.000000], [0.000000, 1.000000, 0.000000], [0.000000, 1.000000, 0.000000], [0.000000, 1.000000, 0.000000]],
		"texcoords" : [[0.000000, 1.000000], [1.000000, 1.000000], [1.000000, 0.000000], [0.000000, 0.000000]],
		"faces" : [
			[0, 1, 2, 3]
		],
		"fullSide" : false
	},
	"collision" : {
		"colliders" : [
			{
				"type" : "AABB",
				"position" : [-0.000000, 0.000000, 0.469922],
				"extents" : [0.500000, 0.500000, 0.000000]
			}
		]
	}
}
