{
	"author" : "",
	"exportDate" : "2013-06-02 13:09:08",
	"center" : {
		"vertices" : [[-0.500000, -0.400000, 0.500000], [0.500000, -0.400000, 0.500000], [0.500000, -0.400000, -0.500000], [-0.500000, -0.400000, -0.500000]],
		"normals" : [[-0.000000, 0.999969, 0.000000], [-0.000000, 1.000000, 0.000000], [-0.000000, 1.000000, 0.000000], [-0.000000, 1.000000, 0.000000]],
		"texcoords" : [[1.000000, 0.000000], [1.000000, 1.000000], [0.000000, 1.000000], [0.000000, 0.000000]],
		"faces" : [
			[0, 1, 2, 3]
		],
		"fullSide" : false
	},
	"bottom" : {
		"vertices" : [[0.500000, -0.500000, -0.500000], [0.500000, -0.500000, 0.500000], [-0.500000, -0.500000, 0.500000], [-0.500000, -0.500000, -0.500000]],
		"normals" : [[-0.000000, -1.000000, 0.000000], [-0.000000, -1.000000, 0.000000], [-0.000000, -0.999969, 0.000000], [-0.000000, -1.000000, 0.000000]],
		"texcoords" : [[1.000000, 0.000000], [1.000000, 1.000000], [0.000000, 1.000000], [0.000000, 0.000000]],
		"faces" : [
			[0, 1, 2, 3]
		],
		"fullSide" : false
	},
	"front" : {
		"vertices" : [[-0.500000, -0.500000, -0.500000], [-0.500000, -0.400000, -0.500000], [0.500000, -0.400000, -0.500000], [0.500000, -0.500000, -0.500000]],
		"normals" : [[-0.000000, 0.000000, -1.000000], [-0.000000, 0.000000, -1.000000], [-0.000000, 0.000000, -1.000000], [-0.000000, 0.000000, -1.000000]],
		"texcoords" : [[0.000000, 1.000000], [0.000000, 0.000000], [1.000000, 0.000000], [1.000000, 1.000000]],
		"faces" : [
			[0, 1, 2, 3]
		],
		"fullSide" : false
	},
	"back" : {
		"vertices" : [[-0.500000, -0.400000, 0.500000], [-0.500000, -0.500000, 0.500000], [0.500000, -0.500000, 0.500000], [0.500000, -0.400000, 0.500000]],
		"normals" : [[-0.000000, 0.000000, 1.000000], [-0.000000, 0.000000, 1.000000], [-0.000000, 0.000000, 1.000000], [-0.000000, 0.000000, 1.000000]],
		"texcoords" : [[1.000000, 0.000000], [1.000000, 1.000000], [0.000000, 1.000000], [0.000000, 0.000000]],
		"faces" : [
			[0, 1, 2, 3]
		],
		"fullSide" : false
	},
	"left" : {
		"vertices" : [[-0.500000, -0.500000, 0.500000], [-0.500000, -0.400000, 0.500000], [-0.500000, -0.400000, -0.500000], [-0.500000, -0.500000, -0.500000]],
		"normals" : [[-1.000000, 0.000000, 0.000000], [-1.000000, 0.000000, 0.000000], [-1.000000, 0.000000, 0.000000], [-1.000000, 0.000000, 0.000000]],
		"texcoords" : [[0.000000, 1.000000], [0.000000, 0.000000], [1.000000, 0.000000], [1.000000, 1.000000]],
		"faces" : [
			[0, 1, 2, 3]
		],
		"fullSide" : false
	},
	"right" : {
		"vertices" : [[0.500000, -0.500000, -0.500000], [0.500000, -0.400000, -0.500000], [0.500000, -0.400000, 0.500000], [0.500000, -0.500000, 0.500000]],
		"normals" : [[1.000000, 0.000000, 0.000000], [1.000000, 0.000000, 0.000000], [1.000000, 0.000000, 0.000000], [1.000000, 0.000000, 0.000000]],
		"texcoords" : [[0.000000, 1.000000], [0.000000, 0.000000], [1.000000, 0.000000], [1.000000, 1.000000]],
		"faces" : [
			[0, 1, 2, 3]
		],
		"fullSide" : false
	},
	"collision" : {
		"convexHull" : true
	}
}
