{
	"author" : "Immortius",
	"exportDate" : "2012-05-02 17:59:25",
	"center" : {
		"vertices" : [[0.500000, -0.500000, 0.500000], [0.500000, 0.500000, 0.500000], [-0.500000, 0.500000, -0.500000], [-0.500000, -0.500000, -0.500000], [0.500000, -0.500000, -0.500000], [0.500000, 0.500000, -0.500000], [-0.500000, 0.500000, 0.500000], [-0.500000, -0.500000, 0.500000]],
		"normals" : [[-0.707083, 0.000000, 0.707083], [-0.707083, 0.000000, 0.707083], [-0.707083, 0.000000, 0.707083], [-0.707083, 0.000000, 0.707083], [0.707083, 0.000000, 0.707083], [0.707083, 0.000000, 0.707083], [0.707083, 0.000000, 0.707083], [0.707083, 0.000000, 0.707083]],
		"texcoords" : [[1.000000, 1.000000], [1.000000, 0.000000], [0.000000, 0.000000], [0.000000, 1.000000], [1.000000, 1.000000], [1.000000, 0.000000], [0.000000, 0.000000], [0.000000, 1.000000]],
		"faces" : [
			[0, 1, 2, 3],
			[4, 5, 6, 7]
		],
		"fullSide" : false
	}
}
