{
	"author" : "Immortius",
	"exportDate" : "2012-07-30 23:06:06",
	"center" : {
		"vertices" : [[0.500000, -0.500000, -0.500000], [-0.500000, -0.500000, -0.500000], [0.500000, 0.500000, -0.000000], [0.500000, 0.500000, -0.000000], [-0.500000, -0.500000, -0.500000], [-0.500000, 0.500000, -0.000000]],
		"normals" : [[-0.000000, 0.447188, -0.894406], [-0.000000, 0.447188, -0.894406], [-0.000000, 0.447188, -0.894406], [-0.000000, 0.447188, -0.894406], [-0.000000, 0.447188, -0.894406], [-0.000000, 0.447188, -0.894406]],
		"texcoords" : [[0.146447, 1.000000], [0.853553, 1.000000], [0.146446, 0.000000], [0.146446, 0.000000], [0.853553, 1.000000], [0.853554, 0.000000]],
		"faces" : [
			[0, 1, 2],
			[3, 4, 5]
		],
		"fullSide" : false
	},
	"top" : {
		"vertices" : [[0.500000, 0.500000, 0.000000], [-0.500000, 0.500000, 0.000000], [0.500000, 0.500000, 0.500000], [0.500000, 0.500000, 0.500000], [-0.500000, 0.500000, 0.000000], [-0.500000, 0.500000, 0.500000]],
		"normals" : [[-0.000000, 1.000000, 0.000000], [-0.000000, 1.000000, 0.000000], [-0.000000, 1.000000, 0.000000], [-0.000000, 1.000000, 0.000000], [-0.000000, 1.000000, 0.000000], [-0.000000, 1.000000, 0.000000]],
		"texcoords" : [[0.146447, 1.000000], [0.853553, 1.000000], [0.146446, 0.000000], [0.146446, 0.000000], [0.853553, 1.000000], [0.853554, 0.000000]],
		"faces" : [
			[0, 1, 2],
			[3, 4, 5]
		],
		"fullSide" : false
	},
	"bottom" : {
		"vertices" : [[-0.500000, -0.500000, 0.500000], [-0.500000, -0.500000, -0.500000], [0.500000, -0.500000, -0.500000], [0.500000, -0.500000, 0.500000]],
		"normals" : [[-0.000000, -0.999969, 0.000000], [-0.000000, -1.000000, 0.000000], [-0.000000, -1.000000, 0.000000], [-0.000000, -1.000000, 0.000000]],
		"texcoords" : [[1.000000, 1.000000], [1.000000, 0.000000], [0.000000, 0.000000], [0.000000, 1.000000]],
		"faces" : [
			[0, 1, 2, 3]
		],
		"fullSide" : true
	},
	"back" : {
		"vertices" : [[0.500000, -0.500000, 0.500000], [0.500000, 0.500000, 0.500000], [-0.500000, 0.500000, 0.500000], [-0.500000, -0.500000, 0.500000]],
		"normals" : [[-0.000000, 0.000000, 0.999969], [-0.000000, 0.000000, 1.000000], [-0.000000, 0.000000, 1.000000], [-0.000000, 0.000000, 1.000000]],
		"texcoords" : [[1.000000, 1.000000], [1.000000, 0.000000], [0.000000, 0.000000], [0.000000, 1.000000]],
		"faces" : [
			[0, 1, 2, 3]
		],
		"fullSide" : true
	},
	"left" : {
		"vertices" : [[-0.500000, 0.500000, 0.500000], [-0.500000, -0.500000, -0.500000], [-0.500000, -0.500000, 0.500000], [-0.500000, -0.500000, -0.500000], [-0.500000, 0.500000, 0.500000], [-0.500000, 0.500000, -0.000000]],
		"normals" : [[-1.000000, 0.000000, 0.000000], [-1.000000, 0.000000, 0.000000], [-1.000000, 0.000000, 0.000000], [-1.000000, 0.000000, 0.000000], [-1.000000, 0.000000, 0.000000], [-1.000000, 0.000000, 0.000000]],
		"texcoords" : [[1.000000, 0.000000], [0.000000, 1.000000], [1.000000, 1.000000], [0.000000, 1.000000], [1.000000, 1.000000], [1.000000, 0.000000]],
		"faces" : [
			[0, 1, 2],
			[3, 4, 5]
		],
		"fullSide" : false
	},
	"right" : {
		"vertices" : [[0.500000, -0.500000, -0.500000], [0.500000, 0.500000, 0.500000], [0.500000, -0.500000, 0.500000], [0.500000, -0.500000, -0.500000], [0.500000, 0.500000, 0.000000], [0.500000, 0.500000, 0.500000]],
		"normals" : [[0.999969, 0.000000, 0.000000], [0.999969, 0.000000, 0.000000], [1.000000, 0.000000, 0.000000], [0.999969, 0.000000, 0.000000], [1.000000, 0.000000, 0.000000], [0.999969, 0.000000, 0.000000]],
		"texcoords" : [[1.000000, 1.000000], [0.000000, 0.000000], [0.000000, 1.000000], [0.000000, 1.000000], [1.000000, 0.000000], [1.000000, 1.000000]],
		"faces" : [
			[0, 1, 2],
			[3, 4, 5]
		],
		"fullSide" : false
	},
	"collision" : {
		"convexHull" : true
	}
}
